
Friday, February 6
  6:10  STREET SCENE  https://my.filmforum.org/events/street-scene
  8:00  THE WINDOW  https://my.filmforum.org/events/the-window-tene

Saturday, February 7
  12:40  THREE ON A MATCH  https://my.filmforum.org/events/three-on-a-match
  2:10  STREET SCENE  https://my.filmforum.org/events/street-scene
  4:00  THE WINDOW  https://my.filmforum.org/events/the-window-tene
  5:40  ITALIANAMERICAN  https://my.filmforum.org/events/italianamerican-tene
  7:10  MEAN STREETS  https://my.filmforum.org/events/mean-streets-tene
  9:40  HEAVY TRAFFIC  https://my.filmforum.org/events/heavy-traffic

Sunday, February 8
  11:00 – FF Jr.  THE KID  https://my.filmforum.org/the-kid-ffjr
  1:00  APPLAUSE  https://my.filmforum.org/events/applause-tene
  2:50  TAXI!  https://my.filmforum.org/events/taxi
  4:30  THREE ON A MATCH  https://my.filmforum.org/events/three-on-a-match
  6:00  DEAD END  https://my.filmforum.org/events/dead-end
  8:40  MIXED BLOOD  https://my.filmforum.org/events/mixed-blood

Monday, February 9
  6:10  TWO SECONDS  https://my.filmforum.org/events/two-seconds
  7:50  HESTER STREET  https://my.filmforum.org/events/hester-street-tene

Tuesday, February 10
  6:00  THE HEART OF NEW YORK  https://my.filmforum.org/events/the-heart-of-new-york
  7:40  HUMORESQUE  https://my.filmforum.org/events/humoresque-tene

Wednesday, February 11
  5:50  EL SUPER  https://my.filmforum.org/events/el-super-tene
  8:30  SOMETHING WILD  https://my.filmforum.org/events/something-wild

Thursday, February 12
  6:00  HUNGRY HEARTS  https://my.filmforum.org/events/hungry-hearts

Friday, February 13
  5:50  HESTER STREET  https://my.filmforum.org/events/hester-street-tene
  8:30  FROWNLAND  https://my.filmforum.org/events/frownland

Saturday, February 14
  12:30  RAFTER ROMANCE  https://my.filmforum.org/events/rafter-romance
  2:10  ME AND MY GAL  https://my.filmforum.org/events/me-and-my-gal
  4:15  THE CAMERAMAN  https://my.filmforum.org/events/the-cameraman-tene
  6:15  CHRISTMAS IN JULY  https://my.filmforum.org/events/christmas-in-july-tene
  7:40  WEST SIDE STORY  https://my.filmforum.org/events/west-side-story-tene

Sunday, February 15
  11:00 – FF Jr.  THE CAMERAMAN  https://my.filmforum.org/events/the-cameraman-tene
  1:00  SPEEDY  https://my.filmforum.org/events/speedy-tene
  2:55  THE CROWD  https://my.filmforum.org/events/the-crowd-tene
  5:10  ONE THIRD OF A NATION  https://my.filmforum.org/events/one-third-of-a-nation
  7:00  ONCE UPON A TIME IN AMERICA  https://my.filmforum.org/events/once-upon-a-time-in-america

Monday, February 16
  7:30  EAST SIDE, WEST SIDE  https://my.filmforum.org/events/east-side-west-side

Tuesday, February 17
  8:00  RAISING VICTOR VARGAS  https://my.filmforum.org/events/raising-victor-vargas

Wednesday, February 18
  6:10  TAKE OUT  https://my.filmforum.org/events/take-out
  8:10  THE NAKED CITY  https://my.filmforum.org/events/the-naked-city-tene

Thursday, February 19
  6:40  LOS SURES  https://my.filmforum.org/events/los-sures-tene
  9:10  HEAVY TRAFFIC  https://my.filmforum.org/events/heavy-traffic

Friday, February 20
  6:00  SWEET LOVE, BITTER  https://my.filmforum.org/events/sweet-love-bitter
  8:00  THE CONNECTION  https://my.filmforum.org/events/the-connection-tene

Saturday, February 21
  12:15  LOS SURES  https://my.filmforum.org/events/los-sures-tene
  1:45  SWEET LOVE, BITTER  https://my.filmforum.org/events/sweet-love-bitter
  3:45  THE ASPHALT JUNGLE  https://my.filmforum.org/events/the-asphalt-jungle-tene
  6:10  THE LANDLORD  https://my.filmforum.org/events/the-landlord-tene
  8:30  TAXI DRIVER  https://my.filmforum.org/events/taxi-driver-tene

Sunday, February 22
  11:00 – FF Jr.  LITTLE ANNIE ROONEY  https://my.filmforum.org/little-annie-rooney-ffjr
  1:00  UNCLE MOSES  https://my.filmforum.org/events/uncle-moses-tene
  3:20  HIS PEOPLE  https://my.filmforum.org/events/his-people
  5:40  A TREE GROWS IN BROOKLYN  https://my.filmforum.org/events/a-tree-grows-in-brooklyn
  8:30  A RAISIN IN THE SUN  https://my.filmforum.org/events/a-raisin-in-the-sun-tene

Monday, February 23
  5:35  LONESOME  https://my.filmforum.org/events/lonesome
  7:15  SHOES  https://my.filmforum.org/events/shoes

Tuesday, February 24
  6:00  MANHATTAN BY NUMBERS  https://my.filmforum.org/events/manhattan-by-numbers-tene
  8:20  TAXI DRIVER  https://my.filmforum.org/events/taxi-driver-tene

Wednesday, February 25
  6:10  REGENERATION  https://my.filmforum.org/events/regeneration-tene

Thursday, February 26
  7:10  THE GODFATHER PART II  https://my.filmforum.org/events/the-godfather-part-2-tene
